caldt,vwretd,vwretx,sprtrn
19260130,0.000561,-0.001395,0.022472
19260227,-0.033046,-0.036587,-0.043956
19260331,-0.064002,-0.070021,-0.059113
19260430,0.037029,0.034043,0.022688
19260528,0.012095,0.008585,0.007679
19260630,0.053664,0.046189,0.043184
19260731,0.031411,0.029224,0.045455
19260831,0.028647,0.025358,0.017081
19260930,0.005787,0.000030,0.022901
19261030,-0.028996,-0.031069,-0.031343
19261130,0.028554,0.022979,0.022342
19261231,0.029211,0.021422,0.016579
19270131,0.002416,0.000053,-0.020756
19270228,0.045370,0.041175,0.047691
19270331,0.003756,-0.002242,0.006503
19270430,0.007225,0.005134,0.017229
19270531,0.057773,0.053623,0.052223
19270630,-0.021087,-0.027406,-0.009390
19270730,0.075279,0.072869,0.064997
19270831,0.022490,0.018438,0.044501
19270930,0.049924,0.045003,0.043214
19271031,-0.040770,-0.042594,-0.053092
19271130,0.068453,0.063299,0.067776
19271231,0.023782,0.018206,0.019042
19280131,-0.003340,-0.005101,-0.005096
19280229,-0.014478,-0.018119,-0.017644
19280331,0.090478,0.085582,0.108343
19280430,0.043846,0.042082,0.032410
19280531,0.017690,0.013950,0.012658
19280630,-0.045245,-0.050289,-0.040500
19280731,0.009400,0.007626,0.012507
19280831,0.070206,0.066186,0.074112
19280929,0.031498,0.028040,0.023958
19281031,0.019228,0.017650,0.014506
19281130,0.121500,0.116383,0.119926
19281231,0.005557,0.001348,0.002883
19290131,0.053935,0.052346,0.057084
19290228,-0.000446,-0.003386,-0.005828
19290328,-0.007808,-0.011795,-0.002345
19290430,0.017179,0.015795,0.016060
19290531,-0.059923,-0.063970,-0.042791
19290629,0.101573,0.098075,0.112364
19290731,0.045958,0.044149,0.045619
19290830,0.085343,0.081953,0.097992
19290930,-0.050455,-0.053236,-0.048880
19291031,-0.196684,-0.198513,-0.199271
19291127,-0.123812,-0.127992,-0.133747
19291231,0.016390,0.010773,0.025335
19300131,0.058407,0.055806,0.062471
19300228,0.028242,0.024348,0.021501
19300331,0.074631,0.070571,0.079897
19300430,-0.020541,-0.022460,-0.009547
19300529,-0.014010,-0.017611,-0.016466
19300630,-0.159980,-0.164259,-0.164557
19300731,0.041964,0.039529,0.036657
19300829,0.003663,-0.000581,0.007544
19300930,-0.124805,-0.129438,-0.130089
19301031,-0.086579,-0.089129,-0.088757
19301129,-0.028057,-0.031917,-0.021842
19301231,-0.077739,-0.084436,-0.074231
19310131,0.063780,0.061058,0.048892
19310228,0.109695,0.104770,0.114357
19310331,-0.062866,-0.067999,-0.069158
19310430,-0.100219,-0.102367,-0.095866
19310529,-0.133836,-0.138385,-0.137177
19310630,0.140340,0.133177,0.139017
19310731,-0.066438,-0.069027,-0.074174
19310831,0.003078,-0.001547,0.009468
19310930,-0.291731,-0.296941,-0.299423
19311031,0.081509,0.078213,0.084449
19311130,-0.088402,-0.094908,-0.097816
19311231,-0.134971,-0.143493,-0.145263
19320130,-0.010534,-0.012963,-0.028325
19320229,0.057663,0.050590,0.050697
19320331,-0.110599,-0.117978,-0.118215
19320430,-0.179417,-0.182032,-0.202462
19320531,-0.206198,-0.212804,-0.233276
19320630,-0.004289,-0.015854,-0.008949
19320730,0.340643,0.338162,0.376975
19320831,0.371388,0.365313,0.375410
19320930,-0.028649,-0.034609,-0.036949
19321031,-0.132553,-0.134024,-0.138614
19321130,-0.058260,-0.063512,-0.058908
19321231,0.045227,0.036537,0.051908
19330131,0.009813,0.007889,0.007257
19330228,-0.153204,-0.158071,-0.184438
19330331,0.033105,0.025030,0.033569
19330429,0.394143,0.392133,0.422222
19330531,0.213261,0.209702,0.158654
19330630,0.133364,0.128762,0.131743
19330731,-0.096341,-0.097262,-0.087993
19330831,0.121285,0.118881,0.114573
19330930,-0.105836,-0.109931,-0.113616
19331031,-0.083650,-0.085047,-0.088505
19331129,0.099896,0.094806,0.102679
19331230,0.017876,0.013525,0.022267
19340131,0.126779,0.125078,0.105941
19340228,-0.024287,-0.027694,-0.036705
19340331,0.004425,0.000179,-0.000929
19340430,-0.018345,-0.019743,-0.026977
19340531,-0.072273,-0.075352,-0.081262
19340630,0.025344,0.020823,0.020812
19340731,-0.109363,-0.111130,-0.115189
19340831,0.057043,0.051711,0.054147
19340929,-0.002362,-0.006753,-0.005464
19341031,-0.018895,-0.020333,-0.031868
19341130,0.082095,0.077484,0.082860
19341231,0.003554,-0.001824,-0.004193
19350131,-0.033416,-0.035249,-0.042105
19350228,-0.019462,-0.023779,-0.039560
19350330,-0.036013,-0.041139,-0.030892
19350430,0.090452,0.088987,0.095632
19350531,0.034561,0.030658,0.032328
19350629,0.057796,0.053032,0.067850
19350731,0.074160,0.072613,0.083089
19350831,0.026773,0.022979,0.021661
19350930,0.026074,0.021727,0.023852
19351031,0.069439,0.067920,0.075065
19351130,0.052872,0.047898,0.039326
19351231,0.046926,0.042495,0.037066
19360131,0.069559,0.067749,0.065525
19360229,0.025402,0.022230,0.016771
19360331,0.008253,0.004881,0.025430
19360430,-0.081481,-0.082646,-0.077078
19360529,0.052043,0.047488,0.045752
19360630,0.024671,0.020754,0.030556
19360731,0.065954,0.064326,0.068059
19360831,0.010950,0.006605,0.008833
19360930,0.011899,0.007962,0.001251
19361031,0.069986,0.068469,0.074953
19361130,0.032854,0.024019,0.004067
19361231,0.002796,-0.003385,-0.005787
19370130,0.033258,0.031836,0.037835
19370227,0.013114,0.010212,0.014582
19370331,-0.002732,-0.006259,-0.009397
19370430,-0.075416,-0.076577,-0.083147
19370528,-0.007054,-0.011904,-0.010347
19370630,-0.041748,-0.046272,-0.052891
19370731,0.089725,0.088116,0.102597
19370831,-0.048365,-0.052758,-0.055359
19370930,-0.136623,-0.141279,-0.142145
19371030,-0.095798,-0.097368,-0.101744
19371130,-0.083053,-0.095200,-0.101133
19371231,-0.040774,-0.050004,-0.050405
19380131,0.006776,0.005111,0.013270
19380228,0.058013,0.053921,0.060804
19380331,-0.238416,-0.243128,-0.250441
19380430,0.145963,0.144060,0.141176
19380531,-0.039053,-0.043677,-0.044330
19380630,0.237914,0.232474,0.247033
19380730,0.072097,0.070628,0.072664
19380831,-0.027139,-0.030484,-0.027419
19380930,0.008912,0.004989,0.014925
19381031,0.078927,0.077477,0.075980
19381130,-0.018206,-0.023255,-0.033409
19381231,0.041919,0.036519,0.037706
19390131,-0.060381,-0.061611,-0.068887
19390228,0.035255,0.031195,0.032520
19390331,-0.120727,-0.124673,-0.135433
19390429,-0.001932,-0.003436,-0.005464
19390531,0.068971,0.064244,0.062271
19390630,-0.053626,-0.058185,-0.063793
19390731,0.102243,0.100681,0.108656
19390831,-0.067264,-0.071789,-0.071429
19390930,0.161815,0.157310,0.164580
19391031,-0.004191,-0.005407,-0.014593
19391130,-0.037131,-0.045817,-0.049104
19391230,0.029686,0.022795,0.023770
19400131,-0.024215,-0.025613,-0.035228
19400229,0.014758,0.009782,0.006639
19400330,0.018643,0.014604,0.009893
19400430,0.000837,-0.000930,-0.004898
19400531,-0.221112,-0.227036,-0.239541
19400629,0.066856,0.061117,0.076591
19400731,0.031923,0.030031,0.031062
19400831,0.024296,0.017631,0.026239
19400930,0.023118,0.018192,0.009470
19401031,0.030143,0.028254,0.039400
19401130,-0.016752,-0.026882,-0.042419
19401231,0.006586,-0.001261,-0.002828
19410131,-0.041227,-0.042853,-0.048204
19410228,-0.013801,-0.019944,-0.014896
19410331,0.009515,0.003860,0.004032
19410430,-0.054018,-0.055862,-0.065261
19410531,0.013140,0.005156,0.004296
19410630,0.058495,0.051569,0.053476
19410731,0.059543,0.057281,0.054822
19410830,-0.001156,-0.007953,-0.008662
19410930,-0.007611,-0.012758,-0.009709
19411031,-0.052926,-0.055300,-0.068627
19411129,-0.020271,-0.032685,-0.042105
19411231,-0.046692,-0.056609,-0.045055
19420131,0.008979,0.007175,0.013809
19420228,-0.023651,-0.029970,-0.024972
19420331,-0.065144,-0.071734,-0.067520
19420430,-0.043583,-0.045992,-0.043695
19420529,0.060174,0.052393,0.063969
19420630,0.025772,0.018226,0.018405
19420731,0.035326,0.032815,0.031325
19420831,0.018408,0.011920,0.007009
19420930,0.027069,0.021072,0.026682
19421031,0.069088,0.067053,0.064407
19421130,0.001177,-0.009144,-0.013800
19421231,0.051290,0.042483,0.051668
19430130,0.073382,0.071869,0.071648
19430227,0.060478,0.055342,0.050621
19430331,0.061794,0.056727,0.052727
19430430,0.007333,0.005840,0.000864
19430529,0.057142,0.051725,0.044866
19430630,0.017351,0.012271,0.019818
19430731,-0.047753,-0.049281,-0.054251
19430831,0.013444,0.008795,0.010274
19430930,0.024077,0.019105,0.023729
19431030,-0.011573,-0.012763,-0.013245
19431130,-0.059903,-0.068563,-0.075503
19431231,0.064217,0.056945,0.058984
19440131,0.018030,0.016629,0.015424
19440229,0.003459,-0.001591,-0.002532
19440331,0.024768,0.019977,0.016920
19440429,-0.016484,-0.017836,-0.012479
19440531,0.050909,0.044927,0.040438
19440630,0.056842,0.051524,0.051012
19440731,-0.015194,-0.016613,-0.020801
19440831,0.015597,0.010417,0.008655
19440930,0.000453,-0.003469,-0.003120
19441031,0.002119,0.000611,
19441130,0.016668,0.007608,0.003912
19441230,0.041070,0.035301,0.035074
19450131,0.020218,0.018951,0.014307
19450228,0.064477,0.059894,0.061618
19450331,-0.039177,-0.043164,-0.046154
19450430,0.078232,0.076981,0.087977
19450531,0.018185,0.012439,0.011456
19450630,0.004676,0.001087,-0.003331
19450731,-0.022066,-0.023305,-0.020053
19450831,0.061826,0.057147,0.057981
19450929,0.048297,0.044969,0.041908
19451031,0.038749,0.037605,0.030322
19451130,0.054859,0.047862,0.032432
19451231,0.013003,0.009218,0.009889
19460131,0.063402,0.062228,0.069700
19460228,-0.058257,-0.061743,-0.069467
19460330,0.057941,0.054620,0.046296
19460430,0.042293,0.041154,0.037611
19460531,0.040195,0.036075,0.022388
19460628,-0.038668,-0.041517,-0.039103
19460731,-0.026309,-0.027697,-0.025502
19460830,-0.064468,-0.068420,-0.072940
19460930,-0.102023,-0.105410,-0.101502
19461031,-0.014164,-0.015903,-0.008021
19461130,0.000697,-0.006475,-0.011456
19461231,0.050161,0.043412,0.042945
19470131,0.013084,0.011536,0.023529
19470228,-0.011091,-0.016381,-0.014687
19470331,-0.016790,-0.020805,-0.016850
19470430,-0.047698,-0.049487,-0.038893
19470529,-0.009625,-0.016317,-0.008916
19470630,0.053226,0.048538,0.052595
19470731,0.041348,0.039342,0.036160
19470829,-0.017357,-0.022668,-0.027919
19470930,-0.004667,-0.009473,-0.013708
19471031,0.024831,0.022847,0.021178
19471129,-0.018750,-0.028514,-0.028516
19471231,0.030708,0.023249,0.020680
19480131,-0.037908,-0.039685,-0.039869
19480228,-0.043422,-0.049502,-0.046971
19480331,0.082628,0.076865,0.077143
19480430,0.038128,0.035972,0.026525
19480528,0.074319,0.068382,0.078165
19480630,-0.000280,-0.005419,0.002996
19480730,-0.050288,-0.051750,-0.053166
19480831,0.003762,-0.002900,0.007571
19480930,-0.029813,-0.035123,-0.030056
19481030,0.060316,0.057425,0.067786
19481130,-0.092077,-0.102565,-0.108223
19481231,0.032566,0.024024,0.030508
19490131,0.003074,0.001118,0.001316
19490228,-0.028852,-0.036237,-0.039422
19490331,0.041537,0.035339,0.030096
19490430,-0.017972,-0.020566,-0.021248
19490531,-0.028488,-0.035515,-0.037313
19490630,0.002180,-0.004382,-0.002114
19490729,0.056377,0.054776,0.062147
19490831,0.026916,0.018887,0.011968
19490930,0.032082,0.027265,0.023653
19491031,0.031801,0.030002,0.029525
19491130,0.018535,0.004549,0.001247
19491231,0.052267,0.044769,0.043587
19500131,0.017764,0.015872,0.017303
19500228,0.015234,0.008173,0.009971
19500331,0.012742,0.007457,0.004065
19500429,0.040678,0.038736,0.045113
19500531,0.044173,0.036817,0.039292
19500630,-0.058018,-0.062799,-0.058040
19500731,0.016122,0.014577,0.008479
19500831,0.050875,0.040213,0.032511
19500929,0.049044,0.044122,0.055917
19501031,-0.001184,-0.002931,0.004113
19501130,0.029056,0.012268,-0.001024
19501230,0.057946,0.051048,0.046130
19510131,0.058735,0.056761,0.061244
19510228,0.014086,0.007435,0.006464
19510331,-0.021115,-0.025753,-0.018349
19510430,0.050061,0.048488,0.048131
19510531,-0.022464,-0.029970,-0.040571
19510629,-0.025533,-0.029834,-0.026022
19510731,0.071611,0.070243,0.068702
19510831,0.045004,0.036750,0.039286
19510928,0.009087,0.005339,-0.000859
19511031,-0.022629,-0.024556,-0.013758
19511130,0.006193,-0.004035,-0.002616
19511231,0.035266,0.030241,0.038899
19520131,0.017002,0.015420,0.015566
19520229,-0.025141,-0.032328,-0.036454
19520331,0.045870,0.041726,0.047721
19520430,-0.049148,-0.050847,-0.043086
19520529,0.032847,0.025367,0.023156
19520630,0.039575,0.035588,0.046102
19520731,0.011404,0.009897,0.017628
19520829,-0.006733,-0.013803,-0.014567
19520930,-0.019147,-0.023065,-0.019577
19521031,-0.005309,-0.006960,-0.000815
19521128,0.059347,0.049762,0.046493
19521231,0.031066,0.026399,0.035464
19530130,-0.001644,-0.002728,-0.007151
19530227,-0.001820,-0.009109,-0.018196
19530331,-0.012862,-0.016681,-0.023552
19530430,-0.027705,-0.029126,-0.026493
19530529,0.006921,-0.000349,-0.003249
19530630,-0.016377,-0.020523,-0.016300
19530731,0.025111,0.023557,0.025269
19530831,-0.044056,-0.051365,-0.057778
19530930,0.003010,-0.001313,0.001286
19531030,0.047523,0.045928,0.050964
19531130,0.028501,0.018445,0.008965
19531231,0.000678,-0.004642,0.002019
19540129,0.052722,0.051500,0.051189
19540226,0.017551,0.010325,0.002684
19540331,0.037377,0.033374,0.030210
19540430,0.043162,0.041819,0.048998
19540528,0.031704,0.025208,0.032909
19540630,0.011560,0.007767,0.000685
19540730,0.050668,0.049442,0.057172
19540831,-0.022763,-0.029369,-0.034003
19540930,0.064633,0.061381,0.083138
19541029,-0.016216,-0.017622,-0.019499
19541130,0.095387,0.086046,0.080808
19541231,0.055469,0.051806,0.050818
19550131,0.006838,0.006027,0.018066
19550228,0.031354,0.025725,0.003549
19550331,-0.000995,-0.004256,-0.004897
19550429,0.032352,0.031343,0.037726
19550531,0.012033,0.006450,-0.001317
19550630,0.066108,0.063181,0.082300
19550729,0.020246,0.019366,0.060687
19550831,0.004197,-0.001579,-0.007813
19550930,-0.002009,-0.004543,0.011348
19551031,-0.025752,-0.026812,-0.030456
19551130,0.071864,0.062697,0.074870
19551230,0.016543,0.013390,-0.000659
19560131,-0.028119,-0.029475,-0.036500
19560229,0.039610,0.034439,0.034687
19560329,0.068456,0.065641,0.069255
19560430,0.005083,0.004136,-0.002063
19560531,-0.049309,-0.054848,-0.065730
19560629,0.037251,0.034540,0.039159
19560731,0.050830,0.049531,0.051522
19560831,-0.029820,-0.034965,-0.038064
19560928,-0.049608,-0.052064,-0.045464
19561031,0.007292,0.005534,0.005072
19561130,0.004678,-0.002238,-0.010970
19561231,0.034957,0.031548,0.035271
19570131,-0.032121,-0.033529,-0.041783
19570228,-0.018703,-0.024198,-0.032648
19570329,0.024112,0.020947,0.019649
19570430,0.045179,0.043785,0.036953
19570531,0.036679,0.031177,0.036948
19570628,-0.005054,-0.007812,-0.001265
19570731,0.008938,0.007362,0.011400
19570830,-0.050051,-0.055226,-0.056147
19570930,-0.057586,-0.060387,-0.061920
19571031,-0.041251,-0.043050,-0.032060
19571129,0.025605,0.018521,0.016074
19571231,-0.037360,-0.041179,-0.041467
19580131,0.049595,0.048239,0.042761
19580228,-0.014257,-0.020351,-0.020624
19580331,0.033700,0.030263,0.030852
19580430,0.030833,0.029282,0.031829
19580529,0.024582,0.019186,0.014963
19580630,0.029493,0.026265,0.026083
19580731,0.044844,0.043276,0.043103
19580829,0.019181,0.014464,0.011867
19580930,0.048680,0.045746,0.048377
19581031,0.027184,0.025739,0.025370
19581128,0.030610,0.025441,0.022404
19581231,0.053099,0.050293,0.052020
19590130,0.009120,0.008122,0.003804
19590227,0.011220,0.006813,-0.000180
19590331,0.004669,0.002113,0.000541
19590430,0.037899,0.036877,0.038781
19590529,0.019595,0.015364,0.018927
19590630,0.000676,-0.001865,-0.003579
19590731,0.034362,0.033327,0.034890
19590831,-0.012446,-0.016502,-0.015039
19590930,-0.044977,-0.047403,-0.045638
19591030,0.015746,0.014613,0.011252
19591130,0.018557,0.013272,0.013213
19591231,0.028043,0.025271,0.027625
19600129,-0.066244,-0.067191,-0.071464
19600229,0.014419,0.009714,0.009171
19600331,-0.012822,-0.015488,-0.013899
19600429,-0.015271,-0.016329,-0.017528
19600531,0.034098,0.029279,0.026853
19600630,0.022833,0.020134,0.019524
19600729,-0.022705,-0.023635,-0.024772
19600831,0.032215,0.027065,0.026121
19600930,-0.058673,-0.060860,-0.060393
19601031,-0.004705,-0.005921,-0.002429
19601130,0.048617,0.042646,0.040270
19601230,0.048537,0.046230,0.046273
19610131,0.063952,0.062787,0.063156
19610228,0.037005,0.032834,0.026870
19610330,0.030610,0.028347,0.025536
19610428,0.005645,0.004884,0.003843
19610531,0.025894,0.021619,0.019139
19610630,-0.028499,-0.030570,-0.028846
19610731,0.029955,0.029207,0.032797
19610831,0.026854,0.021872,0.019623
19610929,-0.019990,-0.021266,-0.019686
19611031,0.027331,0.026092,0.028323
19611130,0.045451,0.039879,0.039347
19611229,0.000713,-0.000599,0.003225
19620131,-0.036147,-0.037488,-0.037876
19620228,0.019512,0.015252,0.016270
19620330,-0.004688,-0.006113,-0.005860
19620430,-0.063435,-0.064212,-0.061970
19620531,-0.084620,-0.089763,-0.085990
19620629,-0.082615,-0.084336,-0.081838
19620731,0.065438,0.064129,0.063562
19620831,0.023417,0.017888,0.015284
19620928,-0.050158,-0.051786,-0.048207
19621031,0.002188,0.000431,0.004443
19621130,0.110137,0.102924,0.101557
19621231,0.011865,0.010056,0.013492
19630131,0.051848,0.050475,0.049128
19630228,-0.021931,-0.026608,-0.028852
19630329,0.032917,0.031233,0.035464
19630430,0.047439,0.046435,0.048520
19630531,0.020051,0.014726,0.014327
19630628,-0.018030,-0.019459,-0.020198
19630731,-0.001717,-0.002995,-0.003460
19630830,0.052684,0.048035,0.048749
19630930,-0.011898,-0.013316,-0.011034
19631031,0.027708,0.026276,0.032218
19631129,-0.005549,-0.011692,-0.010539
19631231,0.021737,0.019978,0.024444
19640131,0.025790,0.024731,0.026926
19640228,0.017207,0.012653,0.009865
19640331,0.017636,0.015967,0.015167
19640430,0.004607,0.003672,0.006077
19640528,0.017403,0.012531,0.011452
19640630,0.015080,0.013413,0.016424
19640731,0.020118,0.019127,0.018240
19640831,-0.011266,-0.015575,-0.016230
19640930,0.030480,0.028792,0.028718
19641030,0.008869,0.007730,0.008078
19641130,0.003090,-0.002673,-0.005185
19641231,0.003690,0.001939,0.003909
19650129,0.038646,0.037663,0.033156
19650226,0.006946,0.002634,-0.001485
19650331,-0.009715,-0.011428,-0.014526
19650430,0.033652,0.032737,0.034239
19650528,-0.004351,-0.009102,-0.007743
19650630,-0.051868,-0.053592,-0.048632
19650730,0.016760,0.015871,0.013433
19650831,0.030883,0.026133,0.022522
19650930,0.031952,0.030357,0.032006
19651029,0.029271,0.028212,0.027345
19651130,0.003065,-0.002961,-0.008764
19651231,0.013545,0.011976,0.008951
19660131,0.012122,0.011231,0.004869
19660228,-0.008621,-0.013014,-0.017873
19660331,-0.020923,-0.022747,-0.021815
19660429,0.024837,0.023853,0.020509
19660531,-0.052538,-0.057483,-0.054140
19660630,-0.010317,-0.012063,-0.016138
19660729,-0.012870,-0.013831,-0.013453
19660831,-0.075388,-0.080712,-0.077751
19660930,-0.006958,-0.008696,-0.007004
19661031,0.042294,0.041171,0.047544
19661130,0.017516,0.010606,0.003117
19661230,0.006210,0.004410,-0.001492
19670131,0.085530,0.084077,0.078178
19670228,0.010945,0.006257,0.001963
19670331,0.043384,0.041582,0.039410
19670428,0.041609,0.040696,0.042239
19670531,-0.039293,-0.044217,-0.052441
19670630,0.026902,0.025341,0.017512
19670731,0.049190,0.048278,0.045344
19670831,-0.006282,-0.011073,-0.011715
19670929,0.034286,0.032875,0.032785
19671031,-0.027433,-0.028649,-0.029056
19671130,0.007902,0.002565,0.001065
19671229,0.033699,0.032203,0.026277
19680131,-0.036331,-0.037831,-0.043848
19680229,-0.033624,-0.038107,-0.031223
19680329,0.005117,0.003740,0.009400
19680430,0.094148,0.092730,0.081929
19680531,0.027040,0.022493,0.011169
19680628,0.011527,0.010038,0.009120
19680730,-0.022024,-0.023161,-0.018478
19680830,0.018037,0.013494,0.011459
19680930,0.044454,0.043207,0.038539
19681031,0.009041,0.007468,0.007208
19681129,0.058501,0.054124,0.047964
19681231,-0.033873,-0.035362,-0.041617
19690131,-0.006711,-0.007725,-0.008184
19690228,-0.053641,-0.057883,-0.047374
19690328,0.030505,0.029062,0.034444
19690430,0.020527,0.019346,0.021476
19690529,0.005040,0.000241,-0.002218
19690630,-0.067388,-0.068958,-0.055577
19690731,-0.065171,-0.066371,-0.060178
19690829,0.051491,0.046518,0.040074
19690930,-0.022590,-0.024167,-0.025024
19691031,0.055637,0.053770,0.044244
19691128,-0.032164,-0.036677,-0.035274
19691231,-0.019680,-0.021471,-0.018655
19700130,-0.073254,-0.074519,-0.076472
19700227,0.056706,0.051651,0.052693
19700331,-0.004729,-0.006569,0.001453
19700430,-0.105318,-0.106393,-0.090483
19700529,-0.064346,-0.069931,-0.060967
19700630,-0.051067,-0.053372,-0.050033
19700731,0.074170,0.072132,0.073295
19700831,0.050036,0.044584,0.044459
19700930,0.047535,0.045600,0.032998
19701030,-0.018208,-0.020450,-0.011400
19701130,0.050448,0.045355,0.047447
19701231,0.060723,0.058969,0.056766
19710129,0.052030,0.050772,0.040477
19710226,0.016913,0.012412,0.009074
19710331,0.044778,0.042972,0.036796
19710430,0.033332,0.032300,0.036288
19710528,-0.036409,-0.040737,-0.041558
19710630,0.003119,0.001385,0.000703
19710730,-0.040283,-0.041317,-0.041324
19710831,0.042511,0.037666,0.036095
19710930,-0.005016,-0.006491,-0.006968
19711029,-0.040683,-0.042346,-0.041794
19711130,-0.001262,-0.005696,-0.002547
19711231,0.091257,0.089557,0.086179
19720131,0.028382,0.027169,0.018121
19720229,0.031349,0.027272,0.025303
19720330,0.008723,0.007248,0.005912
19720428,0.005505,0.004723,0.004384
19720531,0.016375,0.011960,0.017275
19720630,-0.020897,-0.022412,-0.021821
19720731,-0.004254,-0.005310,0.002333
19720831,0.035966,0.031857,0.034454
19720929,-0.007670,-0.009085,-0.004861
19721031,0.008676,0.007358,0.009317
19721130,0.049764,0.045305,0.045617
19721229,0.011243,0.009903,0.011828
19730131,-0.027454,-0.028654,-0.017111
19730228,-0.044370,-0.047916,-0.037490
19730330,-0.007857,-0.009330,-0.001433
19730430,-0.051769,-0.052965,-0.040800
19730531,-0.024508,-0.028777,-0.018884
19730629,-0.008648,-0.010424,-0.006575
19730731,0.056961,0.055514,0.037982
19730831,-0.029657,-0.034039,-0.036685
19730928,0.053931,0.052530,0.040096
19731031,-0.000415,-0.002142,-0.001291
19731130,-0.120713,-0.125557,-0.113861
19731231,0.011437,0.009421,0.016569
19740131,0.004413,0.002808,-0.010046
19740228,0.002345,-0.002452,-0.003624
19740329,-0.023364,-0.025299,-0.023280
19740430,-0.045961,-0.047694,-0.039051
19740531,-0.041981,-0.047321,-0.033551
19740628,-0.022942,-0.025407,-0.014665
19740731,-0.070874,-0.072695,-0.077791
19740830,-0.087757,-0.094578,-0.090279
19740930,-0.109718,-0.112274,-0.119335
19741031,0.165584,0.162459,0.163047
19741129,-0.041046,-0.048241,-0.053180
19741231,-0.027005,-0.030302,-0.020151
19750131,0.141600,0.139591,0.122812
19750228,0.058412,0.051629,0.059886
19750331,0.030190,0.027442,0.021694
19750430,0.046497,0.044433,0.047265
19750530,0.055140,0.049542,0.044101
19750630,0.051473,0.048958,0.044323
19750731,-0.060385,-0.062318,-0.067654
19750829,-0.023558,-0.028960,-0.021070
19750930,-0.038010,-0.040486,-0.034645
19751031,0.055857,0.053272,0.061643
19751128,0.031222,0.025801,0.024708
19751231,-0.010998,-0.013677,-0.011508
19760130,0.126012,0.124372,0.118306
19760227,0.007310,0.002081,-0.011402
19760331,0.026740,0.024295,0.030689
19760430,-0.010402,-0.011668,-0.010995
19760528,-0.009326,-0.015305,-0.014364
19760630,0.044521,0.042168,0.040926
19760730,-0.006136,-0.007574,-0.008055
19760831,-0.001398,-0.007387,-0.005124
19760930,0.024513,0.022385,0.022641
19761029,-0.020372,-0.022249,-0.022235
19761130,0.005363,-0.001438,-0.007775
19761231,0.061591,0.059300,0.052498
19770131,-0.036326,-0.037995,-0.050530
19770228,-0.015744,-0.021770,-0.021660
19770331,-0.009249,-0.011797,-0.014025
19770429,0.004962,0.003564,0.000203
19770531,-0.010777,-0.018005,-0.023568
19770630,0.051369,0.048712,0.045360
19770729,-0.012806,-0.014162,-0.016222
19770831,-0.013338,-0.020278,-0.021042
19770930,0.001572,-0.001008,-0.002480
19771031,-0.039278,-0.041312,-0.043406
19771130,0.045440,0.037081,0.026966
19771230,0.008223,0.005497,0.002847
19780131,-0.055199,-0.057209,-0.061514
19780228,-0.009275,-0.016700,-0.024762
19780331,0.034009,0.030865,0.024931
19780428,0.082853,0.081203,0.085416
19780531,0.023230,0.015499,0.004234
19780630,-0.010748,-0.013740,-0.017585
19780731,0.056741,0.054868,0.053910
19780831,0.042370,0.035504,0.025924
19780929,-0.006889,-0.009456,-0.007261
19781031,-0.110995,-0.113600,-0.091574
19781130,0.033787,0.025752,0.016640
19781229,0.017708,0.014580,0.014889
19790131,0.049530,0.047019,0.039746
19790228,-0.026765,-0.033781,-0.036526
19790330,0.065613,0.062472,0.055152
19790430,0.008520,0.006438,0.001673
19790531,-0.013571,-0.021458,-0.026336
19790629,0.046852,0.043821,0.038656
19790731,0.014991,0.012773,0.008746
19790831,0.064732,0.057305,0.053078
19790928,0.001426,-0.000932,0.000000
19791031,-0.072662,-0.075470,-0.068606
19791130,0.063604,0.055810,0.042624
19791231,0.028215,0.025174,0.016767
19800131,0.065607,0.063303,0.057625
19800229,0.001015,-0.005740,-0.004380
19800331,-0.120224,-0.123258,-0.101795
19800430,0.052287,0.049833,0.041140
19800530,0.060090,0.052629,0.046571
19800630,0.037714,0.034438,0.026969
19800731,0.069438,0.067066,0.065039
19800829,0.023554,0.017236,0.005835
19800930,0.029498,0.026617,0.025168
19801031,0.020095,0.017370,0.016021
19801128,0.104952,0.099010,0.102377
19801231,-0.034411,-0.037041,-0.033874
19810130,-0.040085,-0.041823,-0.045742
19810227,0.015519,0.009121,0.013277
19810331,0.046183,0.043095,0.036033
19810430,-0.011266,-0.013035,-0.023456
19810529,0.013546,0.007402,-0.001657
19810630,-0.010243,-0.013356,-0.010408
19810731,-0.003079,-0.004806,-0.002210
19810831,-0.056281,-0.063014,-0.062099
19810930,-0.063776,-0.066716,-0.053832
19811030,0.060162,0.057005,0.049148
19811130,0.045848,0.039226,0.036590
19811231,-0.028096,-0.031104,-0.030075
19820129,-0.026209,-0.027912,-0.017544
19820226,-0.051126,-0.058640,-0.060548
19820331,-0.010101,-0.014055,-0.010167
19820430,0.043269,0.041424,0.040014
19820528,-0.028213,-0.036597,-0.039162
19820630,-0.023913,-0.027380,-0.020290
19820730,-0.020525,-0.022743,-0.022991
19820831,0.119016,0.109934,0.115977
19820930,0.016766,0.013675,0.007614
19821029,0.118632,0.115926,0.110364
19821130,0.051941,0.044997,0.036123
19821231,0.014510,0.012023,0.015158
19830131,0.041844,0.039755,0.033134
19830228,0.030215,0.024204,0.018995
19830331,0.034678,0.031620,0.033095
19830429,0.074185,0.072839,0.074922
19830531,0.013225,0.007961,-0.012346
19830630,0.037837,0.034865,0.035224
19830729,-0.031570,-0.032865,-0.033014
19830831,0.003465,-0.001801,0.011319
19830930,0.016027,0.013102,0.010158
19831031,-0.028078,-0.029779,-0.015174
19831130,0.029556,0.024206,0.017426
19831230,-0.010464,-0.013442,-0.008834
19840131,-0.013025,-0.014875,-0.009216
19840229,-0.039073,-0.043938,-0.038859
19840330,0.013390,0.010025,0.013498
19840430,0.002538,0.000800,0.005466
19840531,-0.052320,-0.057705,-0.059356
19840629,0.023384,0.019501,0.017469
19840731,-0.020623,-0.022544,-0.016451
19840831,0.112691,0.106814,0.106332
19840928,0.000403,-0.002539,-0.003480
19841031,-0.000073,-0.002921,-0.000060
19841130,-0.010685,-0.015257,-0.015112
19841231,0.023653,0.020092,0.022374
19850131,0.085719,0.083508,0.074085
19850228,0.016898,0.012269,0.008685
19850329,-0.001747,-0.004924,-0.002925
19850430,-0.002187,-0.003958,-0.004594
19850531,0.055774,0.050799,0.054051
19850628,0.017091,0.014038,0.012134
19850731,-0.000251,-0.002220,-0.004848
19850830,-0.004794,-0.009592,-0.011995
19850930,-0.039826,-0.042577,-0.034724
19851031,0.044441,0.042023,0.042509
19851129,0.069228,0.064699,0.065062
19851231,0.043061,0.040080,0.045061
19860131,0.009830,0.008007,0.002367
19860228,0.072501,0.068191,0.071489
19860331,0.053887,0.051362,0.052794
19860430,-0.007903,-0.009634,-0.014148
19860530,0.050847,0.047126,0.050229
19860630,0.014244,0.011622,0.014110
19860731,-0.059700,-0.061454,-0.058683
19860829,0.066183,0.062430,0.071193
19860930,-0.079020,-0.081272,-0.085439
19861031,0.049305,0.046860,0.054729
19861128,0.015093,0.010874,0.021477
19861231,-0.026387,-0.029056,-0.028288
19870130,0.128499,0.126927,0.131767
19870227,0.047922,0.044495,0.036924
19870331,0.023664,0.021218,0.026390
19870430,-0.016996,-0.018893,-0.011450
19870529,0.005123,0.001872,0.006034
19870630,0.043655,0.041143,0.047915
19870731,0.044247,0.042348,0.048224
19870831,0.037147,0.033860,0.034959
19870930,-0.020773,-0.022845,-0.024166
19871030,-0.225361,-0.227342,-0.217630
19871130,-0.072272,-0.076512,-0.085349
19871231,0.070324,0.067212,0.072861
19880129,0.044875,0.043042,0.040432
19880229,0.051691,0.045995,0.041817
19880331,-0.016598,-0.019273,-0.033343
19880429,0.010993,0.009190,0.009425
19880531,0.000447,-0.003859,0.003176
19880630,0.051457,0.048743,0.043256
19880729,-0.007272,-0.009941,-0.005411
19880831,-0.028006,-0.032443,-0.038600
19880930,0.037204,0.034604,0.039729
19881031,0.017645,0.014482,0.025964
19881130,-0.016411,-0.021130,-0.018891
19881230,0.021071,0.017627,0.014688
19890131,0.066101,0.063305,0.071115
19890228,-0.016442,-0.020172,-0.028944
19890331,0.021465,0.018641,0.020806
19890428,0.048207,0.046272,0.050090
19890531,0.039336,0.034581,0.035138
19890630,-0.004856,-0.007428,-0.007925
19890731,0.077128,0.074881,0.088370
19890831,0.022126,0.018228,0.015517
19890929,-0.001473,-0.003969,-0.006544
19891031,-0.029285,-0.031337,-0.025175
19891130,0.017816,0.014333,0.016541
19891229,0.018294,0.015515,0.021417
19900131,-0.070114,-0.071947,-0.068817
19900228,0.014900,0.010957,0.008539
19900330,0.024148,0.021626,0.024255
19900430,-0.028283,-0.030562,-0.026887
19900531,0.088935,0.084648,0.091989
19900629,-0.004193,-0.006736,-0.008886
19900731,-0.009392,-0.011593,-0.005223
19900831,-0.091903,-0.095716,-0.094314
19900928,-0.053844,-0.056110,-0.051184
19901031,-0.012499,-0.015049,-0.006698
19901130,0.065742,0.061414,0.059934
19901231,0.029511,0.026274,0.024828
19910131,0.049083,0.046987,0.041518
19910228,0.075848,0.071836,0.067281
19910328,0.028922,0.026702,0.022203
19910430,0.003311,0.001186,0.000346
19910531,0.040737,0.037177,0.038577
19910628,-0.044024,-0.046271,-0.047893
19910731,0.046789,0.044984,0.044859
19910830,0.026807,0.023275,0.019649
19910930,-0.010979,-0.013078,-0.019144
19911031,0.017847,0.016248,0.011860
19911129,-0.037291,-0.040572,-0.043928
19911231,0.106782,0.104147,0.111588
19920131,-0.001164,-0.002591,-0.019900
19920228,0.013355,0.010308,0.009565
19920331,-0.023699,-0.025970,-0.021832
19920430,0.013414,0.011872,0.027893
19920529,0.006407,0.003302,0.000964
19920630,-0.019258,-0.021664,-0.017359
19920731,0.039900,0.038369,0.039374
19920831,-0.020819,-0.023970,-0.023998
19920930,0.012461,0.010286,0.009106
19921030,0.010981,0.009545,0.002106
19921130,0.040183,0.036954,0.030262
19921231,0.017742,0.015534,0.010108
19930129,0.012617,0.011302,0.007046
19930226,0.005425,0.002664,0.010484
19930331,0.025089,0.022659,0.018697
19930430,-0.025391,-0.026714,-0.025417
19930528,0.029572,0.026539,0.022717
19930630,0.005434,0.003218,0.000755
19930730,-0.000806,-0.002153,-0.005327
19930831,0.039496,0.036565,0.034432
19930930,0.000629,-0.001353,-0.009988
19931029,0.018051,0.016730,0.019393
19931130,-0.017600,-0.020476,-0.012911
19931231,0.019555,0.017529,0.010091
19940131,0.031459,0.030071,0.032501
19940228,-0.024207,-0.026759,-0.030045
19940331,-0.045795,-0.047882,-0.045746
19940429,0.009495,0.008045,0.011531
19940531,0.009353,0.006362,0.012419
19940630,-0.027880,-0.030055,-0.026812
19940729,0.030657,0.029283,0.031467
19940831,0.042629,0.039724,0.037643
19940930,-0.018338,-0.020352,-0.026898
19941031,0.014520,0.013000,0.020834
19941130,-0.037206,-0.039980,-0.039505
19941230,0.012580,0.010141,0.012299
19950131,0.020353,0.018753,0.024278
19950228,0.039647,0.037074,0.036074
19950331,0.027065,0.024887,0.027329
19950428,0.025048,0.023597,0.027960
19950531,0.033908,0.031129,0.036312
19950630,0.031142,0.029212,0.021279
19950731,0.040801,0.038953,0.031776
19950831,0.009295,0.006798,-0.000320
19950929,0.036354,0.034641,0.040098
19951031,-0.011339,-0.012670,-0.004979
19951130,0.042771,0.040301,0.041049
19951229,0.015192,0.013354,0.017444
19960131,0.028121,0.026805,0.032617
19960229,0.016353,0.014231,0.006934
19960329,0.010914,0.009211,0.007917
19960430,0.025560,0.024315,0.013431
19960531,0.026810,0.024550,0.022853
19960628,-0.008289,-0.009820,0.002257
19960731,-0.053849,-0.055285,-0.045748
19960830,0.032451,0.030381,0.018814
19960930,0.052985,0.051279,0.054173
19961031,0.013673,0.012302,0.026131
19961129,0.065594,0.063622,0.073376
19961231,-0.011382,-0.013070,-0.021505
19970131,0.053441,0.052358,0.061317
19970228,-0.001067,-0.002802,0.005928
19970331,-0.044864,-0.046515,-0.042614
19970430,0.042396,0.041181,0.058406
19970530,0.071640,0.069787,0.058577
19970630,0.044081,0.042690,0.043453
19970731,0.076513,0.075201,0.078123
19970829,-0.036320,-0.037678,-0.057446
19970930,0.058453,0.057049,0.053154
19971031,-0.034432,-0.035502,-0.034478
19971128,0.030354,0.028841,0.044587
19971231,0.017822,0.016307,0.015732
19980130,0.004511,0.003633,0.010150
19980227,0.073321,0.071816,0.070449
19980331,0.051273,0.050016,0.049946
19980430,0.010924,0.009923,0.009076
19980529,-0.025746,-0.027038,-0.018826
19980630,0.031839,0.030620,0.039438
19980731,-0.023377,-0.024353,-0.011615
19980831,-0.157860,-0.159168,-0.145797
19980930,0.063814,0.062295,0.062396
19981030,0.074406,0.073389,0.080294
19981130,0.062001,0.060593,0.059126
19981231,0.063058,0.061731,0.056375
19990129,0.038447,0.037646,0.041009
19990226,-0.038083,-0.039268,-0.032283
19990331,0.037925,0.036652,0.038794
19990430,0.049092,0.048271,0.037944
19990528,-0.020708,-0.022384,-0.024970
19990630,0.050823,0.049725,0.054438
19990730,-0.030833,-0.031710,-0.032046
19990831,-0.009907,-0.011065,-0.006254
19990930,-0.022669,-0.023872,-0.028552
19991029,0.062107,0.061318,0.062539
19991130,0.036822,0.035616,0.019062
19991231,0.083745,0.082631,0.057844
20000131,-0.039622,-0.040263,-0.050904
20000229,0.031760,0.030657,-0.020108
20000331,0.053499,0.052515,0.096720
20000428,-0.059519,-0.060310,-0.030796
20000531,-0.038860,-0.040020,-0.021915
20000630,0.051576,0.050779,0.023934
20000731,-0.017679,-0.018399,-0.016341
20000831,0.074984,0.073803,0.060699
20000929,-0.051154,-0.051895,-0.053483
20001031,-0.024480,-0.025155,-0.004949
20001130,-0.102365,-0.103574,-0.080069
20001229,0.020450,0.019455,0.004053
20010131,0.039575,0.038787,0.034637
20010228,-0.099084,-0.100183,-0.092291
20010330,-0.070408,-0.071364,-0.064205
20010430,0.083835,0.082830,0.076814
20010531,0.010450,0.009064,0.005090
20010629,-0.017561,-0.018336,-0.025004
20010731,-0.018284,-0.019250,-0.010772
20010831,-0.058980,-0.060355,-0.064108
20010928,-0.091497,-0.092630,-0.081723
20011031,0.027847,0.026829,0.018099
20011130,0.078789,0.077353,0.075176
20011231,0.017854,0.016573,0.007574
20020131,-0.015966,-0.016921,-0.015574
20020228,-0.021700,-0.023066,-0.020766
20020328,0.044698,0.043730,0.036739
20020430,-0.049600,-0.050504,-0.061418
20020531,-0.010510,-0.011958,-0.009081
20020628,-0.070259,-0.071515,-0.072465
20020731,-0.081125,-0.082310,-0.078995
20020830,0.007949,0.006405,0.004881
20020930,-0.099923,-0.101387,-0.110013
20021031,0.074940,0.073522,0.086436
20021129,0.061282,0.059612,0.057070
20021231,-0.053334,-0.054977,-0.060333
20030131,-0.023367,-0.024576,-0.027415
20030228,-0.015417,-0.017243,-0.017004
20030331,0.010321,0.008901,0.008358
20030430,0.082768,0.081180,0.081044
20030530,0.063471,0.061778,0.050899
20030630,0.016346,0.014797,0.011322
20030731,0.023112,0.021764,0.016224
20030829,0.024965,0.023486,0.017873
20030930,-0.009120,-0.010607,-0.011944
20031031,0.060361,0.058882,0.054962
20031128,0.016594,0.015052,0.007129
20031231,0.045476,0.043820,0.050765
20040130,0.023042,0.022019,0.017276
20040227,0.015443,0.013958,0.012209
20040331,-0.010662,-0.011985,-0.016359
20040430,-0.024222,-0.025568,-0.016791
20040528,0.014068,0.012384,0.012083
20040630,0.021611,0.020049,0.017989
20040730,-0.037698,-0.038792,-0.034291
20040831,0.002703,0.001058,0.002287
20040930,0.020556,0.019099,0.009364
20041029,0.017806,0.016579,0.014014
20041130,0.048214,0.044320,0.038595
20041231,0.035170,0.033414,0.032458
20050131,-0.026546,-0.027399,-0.025290
20050228,0.022646,0.020810,0.018903
20050331,-0.016944,-0.018578,-0.019118
20050429,-0.025206,-0.026590,-0.020109
20050531,0.037954,0.036151,0.029952
20050630,0.011529,0.009905,-0.000143
20050729,0.043357,0.042251,0.035968
20050831,-0.005958,-0.007776,-0.011222
20050930,0.010600,0.009331,0.006949
20051031,-0.020866,-0.021974,-0.017741
20051130,0.040326,0.038073,0.035186
20051230,0.003458,0.001884,-0.000952
20060131,0.040072,0.038966,0.025467
20060228,-0.001639,-0.003552,0.000453
20060331,0.019065,0.017598,0.011065
20060428,0.013000,0.011530,0.012187
20060531,-0.031032,-0.033010,-0.030917
20060630,-0.000391,-0.001887,0.000087
20060731,-0.001912,-0.002955,0.005086
20060831,0.025041,0.022968,0.021274
20060929,0.019425,0.018110,0.024566
20061031,0.037153,0.036107,0.031508
20061130,0.023736,0.021374,0.016467
20061229,0.010857,0.009154,0.012616
20070131,0.019387,0.018452,0.014059
20070228,-0.014006,-0.015996,-0.021846
20070330,0.012954,0.011479,0.009980
20070430,0.039834,0.038470,0.043291
20070531,0.038953,0.036666,0.032549
20070629,-0.014747,-0.016110,-0.017816
20070731,-0.031790,-0.032792,-0.031982
20070831,0.011593,0.009641,0.012864
20070928,0.040822,0.039306,0.035794
20071031,0.025910,0.024770,0.014822
20071130,-0.049362,-0.051309,-0.044043
20071231,-0.004405,-0.006493,-0.008628
20080131,-0.062218,-0.063321,-0.061163
20080229,-0.021697,-0.023636,-0.034761
20080331,-0.010444,-0.012186,-0.005960
20080430,0.051199,0.049876,0.047547
20080530,0.023935,0.021621,0.010674
20080630,-0.078436,-0.080249,-0.085962
20080731,-0.013413,-0.014760,-0.009859
20080829,0.010597,0.008608,0.012191
20080930,-0.098172,-0.099959,-0.090791
20081031,-0.184838,-0.186323,-0.169425
20081128,-0.084685,-0.087425,-0.074849
20081231,0.022231,0.019164,0.007822
20090130,-0.077475,-0.078867,-0.085657
20090227,-0.100175,-0.103362,-0.109931
20090331,0.086813,0.083558,0.085405
20090430,0.109483,0.107649,0.093925
20090529,0.067797,0.065147,0.053081
20090630,-0.003020,-0.004963,0.000196
20090731,0.081792,0.080374,0.074142
20090831,0.031514,0.029356,0.033560
20090930,0.045288,0.043651,0.035723
20091030,-0.028079,-0.029333,-0.019762
20091130,0.057086,0.054630,0.057364
20091231,0.028486,0.026461,0.017771
20100129,-0.037186,-0.038198,-0.036974
20100226,0.034754,0.032667,0.028514
20100331,0.063688,0.062005,0.058796
20100430,0.020039,0.018928,0.014759
20100528,-0.079267,-0.081355,-0.081976
20100630,-0.050802,-0.052542,-0.053882
20100730,0.070384,0.068688,0.068778
20100831,-0.042887,-0.045012,-0.047449
20100930,0.091669,0.089789,0.087551
20101029,0.038606,0.037086,0.036856
20101130,0.005121,0.002922,-0.002290
20101231,0.067213,0.064883,0.065300
20110131,0.019190,0.018237,0.022646
20110228,0.038168,0.036236,0.031957
20110331,0.003343,0.001760,-0.001047
20110429,0.028602,0.027489,0.028495
20110531,-0.014957,-0.016966,-0.013501
20110630,-0.018453,-0.020216,-0.018258
20110729,-0.022550,-0.023689,-0.021474
20110831,-0.057597,-0.059737,-0.056791
20110930,-0.085030,-0.086719,-0.071762
20111031,0.114215,0.112805,0.107723
20111130,-0.006273,-0.008941,-0.005059
20111230,0.003671,0.001424,0.008533
20120131,0.054140,0.052992,0.043583
20120229,0.041253,0.038980,0.040589
20120330,0.024039,0.022157,0.031332
20120430,-0.006840,-0.008057,-0.007497
20120531,-0.065641,-0.068056,-0.062651
20120629,0.038181,0.036079,0.039555
20120731,0.010306,0.009054,0.012598
20120831,0.026336,0.023737,0.019763
20120928,0.026532,0.024583,0.024236
20121031,-0.014064,-0.015511,-0.019789
20121130,0.006219,0.002978,0.002847
20121231,0.012580,0.009031,0.007068
20130131,0.054189,0.052983,0.050428
20130228,0.008284,0.006081,0.011061
20130328,0.035320,0.033552,0.035988
20130430,0.014942,0.013768,0.018086
20130531,0.019155,0.016594,0.020763
20130628,-0.015071,-0.017088,-0.014999
20130731,0.052690,0.051255,0.049462
20130830,-0.025761,-0.027938,-0.031298
20130930,0.037514,0.035716,0.029749
20131031,0.039908,0.038623,0.044596
20131129,0.024973,0.022848,0.028049
20131231,0.026160,0.024103,0.023563
20140131,-0.030047,-0.031152,-0.035583
20140228,0.046225,0.043990,0.043117
20140331,0.004544,0.002823,0.006932
20140430,0.001569,0.000406,0.006201
20140530,0.020260,0.018052,0.021030
20140630,0.027991,0.026004,0.019058
20140731,-0.020567,-0.021860,-0.015080
20140829,0.040225,0.038222,0.037655
20140930,-0.025209,-0.026906,-0.015514
20141031,0.021174,0.019927,0.023201
20141128,0.021114,0.018948,0.024534
20141231,-0.003662,-0.005800,-0.004189
20150130,-0.027207,-0.028277,-0.031041
20150227,0.055974,0.053658,0.054893
20150331,-0.010410,-0.012224,-0.017396
20150430,0.008776,0.007629,0.008521
20150529,0.010290,0.008128,0.010491
20150630,-0.019238,-0.021178,-0.021012
20150731,0.012110,0.010898,0.019742
20150831,-0.059982,-0.062049,-0.062581
20150930,-0.033793,-0.035730,-0.026443
20151030,0.074006,0.072611,0.082983
20151130,0.002410,0.000141,0.000505
20151231,-0.022228,-0.024466,-0.017530
20160129,-0.057147,-0.058316,-0.050735
20160229,0.000613,-0.001810,-0.004128
20160331,0.070554,0.068184,0.065991
20160429,0.011725,0.010491,0.002699
20160531,0.014354,0.011939,0.015329
20160630,0.002929,0.000858,0.000906
20160729,0.038849,0.037602,0.035610
20160831,0.002806,0.000469,-0.001219
20160930,0.003015,0.001238,-0.001234
20161031,-0.021566,-0.022810,-0.019426
20161130,0.040543,0.038094,0.034174
20161230,0.018772,0.016637,0.018201
20170131,0.022173,0.021149,0.017884
20170228,0.032623,0.030521,0.037198
20170331,0.002064,0.000194,-0.000389
20170428,0.009657,0.008538,0.009091
20170531,0.009335,0.006985,0.011576
20170630,0.009580,0.007699,0.004814
20170731,0.020294,0.018910,0.019349
20170831,0.001593,-0.000645,0.000546
20170929,0.023758,0.022151,0.019303
20171031,0.019311,0.018210,0.022188
20171130,0.027260,0.024932,0.028083
20171229,0.012129,0.010273,0.009832
20180131,0.050638,0.049686,0.056179
20180228,-0.039481,-0.041350,-0.038947
20180329,-0.018445,-0.020312,-0.026885
20180430,0.004692,0.003584,0.002719
20180531,0.026164,0.023868,0.021608
20180629,0.005365,0.003582,0.004842
20180731,0.031604,0.030468,0.036022
20180831,0.030233,0.027765,0.030263
20180928,0.000425,-0.001212,0.004294
20181031,-0.074045,-0.075113,-0.069403
20181130,0.018512,0.016171,0.017859
20181231,-0.089890,-0.092124,-0.091777
20190131,0.088294,0.087067,0.078684
20190228,0.032724,0.030666,0.029729
20190329,0.012962,0.011140,0.017924
20190430,0.037893,0.036700,0.039313
20190531,-0.061679,-0.063898,-0.065778
20190628,0.067279,0.065283,0.068930
20190731,0.011854,0.010701,0.013128
20190830,-0.020339,-0.022372,-0.018092
20190930,0.016033,0.014169,0.017181
20191031,0.019256,0.018085,0.020432
20191129,0.034997,0.032983,0.034047
20191231,0.028491,0.026244,0.028590
20200131,-0.001728,-0.002849,-0.001628
20200228,-0.077918,-0.079868,-0.084110
20200331,-0.141733,-0.143685,-0.125119
20200430,0.129677,0.128408,0.126844
20200529,0.053739,0.051688,0.045282
20200630,0.025299,0.023522,0.018388
20200731,0.055529,0.054408,0.055101
20200831,0.068442,0.066798,0.070065
20200930,-0.035056,-0.036515,-0.039228
20201030,-0.020179,-0.021218,-0.027666
20201130,0.123707,0.122019,0.107546
20201231,0.045049,0.043244,0.037121
20210129,-0.000631,-0.001611,-0.011137
20210226,0.029196,0.027888,0.026091
20210331,0.030573,0.029086,0.042439
20210430,0.048192,0.047301,0.052425
20210528,0.007092,0.005786,0.005487
20210630,0.023422,0.022021,0.022214
20210730,0.011828,0.010952,0.022748
20210831,0.027147,0.025842,0.028990
20210930,-0.042244,-0.043531,-0.047569
20211029,0.064658,0.063767,0.069144
20211130,-0.018347,-0.019703,-0.008334
20211231,0.033347,0.031579,0.043613
